Firstname;Lastname;Department
Flemming; Kruse;Sales
Helle; Jørgensen;Sales
Anders; Jensen;Sales
Knud; Passer ;Sales
Niels; Toft;Sales
Henry; Eriksen;Sales
Andreas; Klausen;Sales
Tove; Nilsson;Sales
Christoffer; Nørgaard;Sales
Ingeborg; Bertelsen;Sales
Sebastian; Schack ;Sales
Lone; Friis;Sales
Katrine; Krog;Sales
Magnus; Bjerre;Sales
Kurt; Ballin;Sales
Kurt; Kirkegaard;Sales
Otto; Strandberg;Sales
Peder; Bjerre;Sales
Egon; Christensen;Sales
Jørgen; Frische;Sales
Caroline; Jessen;Sales
Gorm; Lauritzen;Sales
Sebastian;Davidsen;Sales
Leif;Carlsen;Sales
Clara;Falk;Sales
Ingrid;Justesen;Sales
Grethe;Kjærgård;Sales
Line;Rasmussen;Sales
Josefine;Bertelsen;Sales
Mary;Topsøe;Sales
Marianne;Jepsen;Sales
Jakob;Danielsen;Sales
Marianne;Berthelsen;Sales
Ingeborg;Hemmingsen;Sales
Flemming;Eskildsen;Sales
Åge;Pedersen;Sales
Ole;Dam;Sales
Karina;Bundgård;Sales
Aage;Steen;Sales
Mikkel;Schrøder;Sales
Gitte;Meyer;Sales
Finn;Storm ;Sales
Mary;Bjerregaard;Sales
Inger;Pilmark;Sales
Line;Arendt;Sales
Bodil;Mogensen;Sales
Gitte;Ballin;Sales
Ida;Skov;Sales
Maja;Kramp;Sales
Gudrun;Krogh;Sales
Søren;Nørgaard;Sales
Frederik;Nielsen;Sales
Bjarne;Thomassen;Sales
Lis;Thomassen;Sales
Holger;Vestager;Sales
Lene;Andersen;Sales
Ida;Bjerre;Sales
Mathias;Petersen;Sales
Bjarne;Bertelsen;Sales
Lis;Østergaard;Sales
Tobias;Topsøe;Sales
Sebastian;Vestager;Sales
Henrik;Vestergård;Sales
Bente;Bisgård;Sales
Arne;Bak;Sales
Clara;Lorentzen;Sales
Malene;Petersen;Sales
Erik;Pedersen;Sales
Victor;Ravn;Sales
Paul;Bach;Sales
Gitte;Dalgård;Sales
Oliver;Karlsen;Sales
Otto;Bang;Sales
Ida;Bjerre;Sales
Finn;Bruun;Sales
Kasper;Jacobsen;Sales
Gorm;Engelstoft;Sales
Otto;Lund;Sales
Erna;Bundgaard;Sales
Kamilla;Svensson;Sales
Clara;Markussen;Sales
Kurt;Panum;Sales
Emma;Hedegaard;Sales
Ingeborg;Bertelsen;Sales
Preben;Thomassen;Sales
Mette;Kruse;Sales
Hanne;Frederiksen;Sales
Caroline;Eskildsen;Sales
Preben;Leth;Sales
Katrine;Bach;Sales
Anne;Gade;Sales
Karen;Hansen;Sales
Johanne;Passer ;Sales
Jan;Mouritsen;Sales
Johannes;Lauridsen;Sales
Signe;Thorø;Sales
Hanne;Lorentzen;Sales
Christian;Storm ;Sales
Per;Buch;Sales
Bent;Christiansen;Sales
Grethe;Sørensen;Sales
Bent;Heller;Sales
Freja;Bonde;Sales
Åge;Damgård;Sales
Henrik;Thygesen;Sales
Andreas;Sommer;Sales
Ellen;Frandsen;Sales
Karoline;Meinert;Sales
Emilie;Bundgård;Sales
Birgit;Rohde;Sales
Sebastian;Overgaard;Sales
Mathias;Lauritzen;Sales
Signe;Jespersen;Sales
Elisabeth;Hoffmann;Sales
Otto;Winther;Sales
Poul;Andreasen;Sales
Kristoffer;Hunnerup;Sales
Emma;Søgaard;Sales
Helene;Lund;Sales
Tove;Hoffmann;Sales
Mads;Carstensen;Sales
Freja;Holm;Sales
Anne;Mølgaard;Sales
Cecilie;Justesen;Sales
Kaj;Krog ;Sales
Anders;Dalgård;Sales
Maria;Bruun;Sales
Harald;Bjerregaard;Sales
Irene;Lauritsen;Sales
Mathilde;Gade;Sales
Michael;Kjærgaard;Sales
Leif;Bernstorff;Sales
Karen;Nikolajsen;Sales
Christian;Simonsen;Sales
Rasmus;Bjerregaard;Sales
Arne;Hemmingsen;Sales
Otto;Meinert;Sales
Charlotte;Michelsen;Sales
Bodil;Dybvad;Marketing
Clara;Enevoldsen;Marketing
Sebastian;Matthesen;Marketing
Mathias;Villadsen;Marketing
Poul;Michaelsen;Marketing
Ida;Gotke;Marketing
Jens;Bak;Marketing
Dea;Kehler;Marketing
Mette;Frøjk;Marketing
Ole;Juul;Marketing
Christoffer;Jakobsen;Marketing
Holger;Svendsen;Marketing
Kirstine;Henriksen;Marketing
Sofie;Meinert;Marketing
Ove;Steffensen;Marketing
Johannes;Munk;Marketing
Kim;Hjorth;Marketing
Inger;Bøttger;Marketing
Kamilla;Karlsen;Marketing
Lis;Hald;Marketing
Åge;Olsson;Marketing
Henrik;Schultz;Marketing
Anders;Mærsk;Marketing
Lene;Lund;Marketing
Christoffer;Buch;Marketing
Kasper;Brandt;Marketing
Aage;Petersen;Marketing
Bent;Mørk;Marketing
Egon;Petersen;Marketing
Lærke;Bendtsen;Marketing
Karoline;Larsen;Marketing
Kaj;Munk;Marketing
Niels;Hald;Marketing
Erna;Andersen;Marketing
Mathias;Troelsgaard;Marketing
Egon;Søndergård;Marketing
Harald;Dybvad;Marketing
Bodil;Winther;Marketing
Peter;Laursen;Marketing
Erna;Millang;Marketing
Birgitte;Topsøe;Marketing
Sofie;Schmidt;Marketing
Grethe;Bøttger;Marketing
Kristoffer;Hansen ;Marketing
Rasmus;Laursen;Marketing
Marianne;Enevoldsen;Marketing
Maria;Clausen;Marketing
Paul;Frederiksen;Marketing
Kristine;Rasmussen;Marketing
Helle;Schou;Marketing
Peder;Nygaard;Marketing
Amalie;Carstensen;Marketing
Thomas;Tvedebrink;Marketing
Leif;Kjærgård;Marketing
Anna;Paulsen;Marketing
Maria;Mølgård;Marketing
Kim;Kristiansen;Marketing
Lene;Krogh;Marketing
Kurt;Bak;Marketing
Hanne;Bjerre;Marketing
Bodil;Vestager;Marketing
Lars;Dybvad;Marketing
Morten;Lauritzen;Marketing
Kristian;Stokholm;Marketing
Jette;Beck;Marketing
Kamilla;Andersen;Marketing
Harald;Hermansen;Marketing
Else;Arendt;Marketing
Kaj;Bjørnholt;Marketing
Lone;Engelstoft;Marketing
Helene;Lund ;Marketing
Carl;Monrad;Marketing
Lone;Matthesen;Marketing
Torben;Lange;Marketing
Ole;Karlsen;Marketing
Bodil;Gade;Marketing
Pelle;Albæk;Marketing
Kamilla;Mølgård;Marketing
Alfred;Storm ;Marketing
Knud;Pedersen;Marketing
Svend;Østergaard;Marketing
Joachim;Bundgaard;Marketing
Daniel;Madsen;Marketing
Inge;Thorø;Marketing
Daniel;Carstensen;Marketing
Ingeborg;Johansen;Marketing
Henning;Nielsen;Marketing
Karina;Thomsen;Marketing
Freja;Matthesen;Marketing
Jette;Hjortshøj;Marketing
Grethe;Hemmingsen;Marketing
Marcus;Larsen;IT
Anne;Villadsen;IT
Jørgen;Carstensen;IT
Preben;Kjeldsen;IT
Grethe;Klausen;IT
Kaj;Birch;IT
Bodil;Sørensen;IT
Kasper;Bøttger;IT
Amalie;Bruun;IT
Thomas;Sørensen;IT
Paul;Ballin;IT
Kamilla;Schrøder;IT
Egon;Kramp;IT
Kristian;Fischer;IT
Joachim;Olsen;IT
Jan;Meinert;IT
Lucas;Vestergaard;IT
Anne;Bertelsen;IT
Mathias;Møller;IT
Victor;Lorentzen;IT
Elisabeth;Thorø;IT
Marie;Thorø;IT
Margrethe;Klausen;IT
Kaj;Michelsen;IT
Henry;Nikolajsen;IT
Anders;Søgaard;IT
Marianne;Jessen;Accounting
Mary;Meinert;Accounting
Erik;Berendsen;Accounting
Emma;Buhr;Accounting
Michael;Bjerregaard;Accounting
Johannes;Prahl;Accounting
Lise;Kristensen;Accounting
Børge;Westermann;Accounting
Abel;Hjortshøj;Accounting
Niels;Jakobsen;Accounting
Henry;Hoffmann;Accounting
Kim;Olsen;Accounting
Helene;Mørk;Accounting
Johanne;Leth;Accounting
Niels;Buch;Accounting
Mikkel;Svendsen;Accounting
Sebastian;Bjerre;Accounting
Tobias;Danielsen;Accounting
Edith;Iversen;Accounting
Marie;Jacobsen;Accounting
Mikkel;Overgård;Accounting
Michael;Schou;Accounting
Charlotte;Bertelsen;Accounting
Louise;Thorsen;Accounting
Pia;Bruun;Accounting
Oluf;Thøgersen;Accounting
Hans;Schultz;Accounting
Sebastian;Jakobsen;Accounting
Irene;Bundgård;Accounting
Gorm;Frost;Accounting
Johanne;Nørgård;Accounting
Hans;Topsøe;Accounting
Knud;Matthesen;Accounting
Line;Christiansen;Accounting
Silke;Mathiesen;Accounting
Mette;Arreborg;Accounting
Jakob;Schultz;Accounting
Lis;Kofoed;Accounting
Emma;Dalsgaard;Accounting
Maria;Tvedebrink;Accounting
Erna;FuhlenDorff;Accounting
Kim;Svendsen;Accounting
John;Thomassen;Accounting
Kasper;Jeppesen;Accounting
Viggo;Damgård;Accounting
Johanne;Hald;Accounting
Flemming;Olsson;Accounting
Tobias;Svendsen;Accounting
Mikkel;Stokholm;Accounting
Freja;Carstensen;Accounting
Julie;Thomassen;Accounting
Karina;Buhr;Accounting
Nikolaj;Steenstrup;Accounting
Christine;Bach;Accounting
Julie;Mølgård;Accounting
Per;Juul;Accounting
Birgitte;Kjær;Accounting
Klara;Nilsson;Accounting
Andreas;Nørgård;Accounting
Sebastian;Laursen;Accounting
Kaj;Svensson;Accounting
Maria;Toft;Accounting
Valdemar;Dahl;Accounting
Jens;Strandberg;Accounting
Christian;Carstensen;Accounting
Jonas;Danielsen;Accounting
Oluf;Huneke;Accounting
Cecilie;Munk;Accounting
Kristine;Overgård;Accounting
Victor;Strandberg;Accounting
Knud;Tvedebrink;Accounting
Mathilde;Paulsen;Accounting
Charlotte;Meyer;Accounting
Alfred;Clausen;Accounting
Ole;Kjærgård;Accounting
Ingrid;Mikkelsen;Accounting
Pelle;Lund;Accounting
Arne;Damgård;Accounting
Camilla;Toft;Accounting
Elisabeth;Hougaard;Accounting
Cecilie;Persson;Accounting
Anders;Storm ;Accounting
Inge;Strandberg;Accounting
Kim;Sloth;Accounting
Birgit;Jørgensen;Accounting
Edith;Jespersen;Accounting
Paul;Stokholm;Accounting
Julie;Munk;Accounting
Hanne;Persson;Accounting
Charlotte;Hougaard;Accounting
Karoline;Lassen;Accounting
Karina;Meinert;Accounting
Maja;Mouritsen;Accounting
Birgitte;Krog;Human Resources
Margrethe;Andreasen;Human Resources
Mogens;Kretz;Human Resources
Daniel;Clausen;Human Resources
Kristoffer;Kristoffersen;Human Resources
Gitte;Michelsen;Human Resources
Niels;Lind;Human Resources
Vibeke;Topsøe;Human Resources
Bent;Nissen;Human Resources
Åge;Dam;Human Resources
Morten;Hald;Human Resources
Irene;Jacobsen;Human Resources
Kirsten;Paulsen;Human Resources
Christine;Olsen;Human Resources
Rasmus;Bertelsen;Human Resources
Ole;Kristoffersen;Human Resources
Ingeborg;Hviid;Human Resources
Victor;Persson;Human Resources
Lise;Carlsen;Human Resources
Tove;Ballin;Human Resources
Gudrun;Dybdahl;Human Resources
Susanne;Lauridsen;Human Resources
Emilie;Bonde;Human Resources
Birgitte;Davidsen;Human Resources
Jakob;Jepsen;Human Resources
Tobias;Nilsson;Human Resources
Jakob;Paulsen;Human Resources
Agnes;Lund;Human Resources
Sten;Michelsen;Human Resources
Lucas;Schmidt;Human Resources
Lene;Nissen;Human Resources
Kristoffer;Svendsen;Human Resources
Malene;Berg;Human Resources
Jacob;Schou;Human Resources
Inge;Huneke;Human Resources
Ellen;Østergaard;Human Resources
Gerda;Dyrholm;Human Resources
Kim;Tvedebrink;Human Resources
Klara;Damgård;Human Resources
Gorm;Bundgård;Human Resources
Hanne;Borg;Human Resources
Carl;Schack ;Human Resources
Ingeborg;Markussen;Production
Åse;Hjorth;Production
Martin;Hald;Production
Ida;Albæk;Production
Katrine;Nygård;Production
Jonas;Nielsen;Production
Anne;Dybdahl;Production
Joachim;Monrad;Production
Valdemar;Lind;Production
John;Sørensen;Production
Lene;Gade;Production
Karen;Markussen;Production
Lene;Brøgger;Production
Kurt;Mathiesen;Production
Klara;Christoffersen;Production
Svend;Dalgård;Production
Lucas;Søgård;Production
Michael;Mogensen;Production
Clara;Bisgaard;Production
Henrik;Mølgård;Production
Ulla;Koch;Production
Viggo;Bjørnholt;Production
Margrethe;Christiansen;Production
Kamilla;Bisgård;Production
Michael;Munk;Production
Ole;Winther;Production
Pernille;Heller;Production
Ulla;Buhr;Production
Emma;Jørgensen;Production
Åge;Ranthe;Production
Christoffer;Kjeldsen;Production
Ellen;Hunnerup;Production
Lene;Møller;Production
Ole;Hald;Production
Susanne;Mathiesen;Production
Jette;Thygesen;Production
Bente;Krog ;Production
Åge;Simonsen;Production
Åge;Hunnerup;Production
Michael;Nissen;Production
Mathilde;Rasmussen;Production
Camilla;Buch;Production
Henrik;Iversen;Production
Birte;Hansen;Production
Maria;Kretz;Production
Søren;Monrad;Production
Jakob;Lange;Production
Anders;Mouritsen;Production
Kirsten;Steffensen;Production
Christian;Huneke;Production
Karina;Thorsen;Production
Inge;Bjerregaard;Production
Emilie;Nikolajsen;Production
Freja;Frandsen;Production
Tove;Jensen;Production
Rasmus;Svensson;Production
Viggo;Ravn;Production
Pia;Mathiesen;Production
Clara;Buhr;Production
Jakob;Kramp;Production
Mette;Hunnerup;Production
Grethe;Juul;Production
Emma;Bisgård;Production
Frederik;Petersen;Production
Jette;Søltoft;Production
Jesper;Østergård;Production
Erna;Johansen;Production
Jonas;Olsson;Production
Flemming;Birch;Production
Otto;Strandberg;Production
Birgit;Mølgård;Production
Susanne;Arreborg;Production
Harald;Riis;Production
Frederik;Brøgger;Production
Poul;Krog;Production
Charlotte;Thorsen;Production
Ellen;Arreborg;Production
Gorm;Olsen;Production
Kasper;Stokholm;Production
Julie;Michelsen;Production
Helle;Justesen;Production
Laura;Jørgensen;Production
Lars;Frederiksen;Production
Karina;Bach;Production
Gerda;Olsen;Production
Viggo;Meyer;Production
Camilla;Krogh;Production
Hans;Danielsen;Production
Lene;Caspersen;Production
Mathilde;Hansen ;Production
Ingrid;Nørgaard;Production
Elisabeth;Frost;Production
Henry;Vestager;Production
Mikkel;Asmussen;Production
Kirsten;Nørgård;Production
Edith;Mortensen;Production
Ulla;Andersen;Production
Mogens;Dybdahl;Production
Mathilde;Skov;Production
Jette;Thøgersen;Production
Erik;Hansen;Production
Charlotte;Ranthe;Production
Holger;Mogensen;Production
Jens;Albæk;Production
Egon;Schou;Production
Anders;Hermansen;Production
Åse;Bonde;Production
Kamilla;Leth;Production
Jacob;Persson;Production
Abel;Meinert;Production
Kim;Lassen;Production
Knud;Meyer;Production
Malene;Mølgård;Production
Emilie;Jacobsen;Production
Jakob;Andersen;Production
Caroline;Kjærsgaard;Production
Gorm;Kjeldsen;Production
Alfred;Bjerregaard;Production
Sebastian;Falk;Production
Preben;Christoffersen;Production
Christian;Birch;Production
Bente;Asmussen;Production
Knud;Svensson;Production
Valdemar;Panum;Production
Åse;Mortensen;Production
Irene;Bendtsen;Production
Malene;Kragh;Production
Ingrid;Svensson;Production
Rasmus;Pedersen;Production
Lis;Solberg;Production
Thomas;Schmidt;Production
Helene;Mærsk;Production
Carl;Lauritzen;Production
Henrik;Frost;Production
Kaj;Prahl;Production
Jette;Bisgård;Production
Bjarne;Kallesoe;Production
Hanne;Sloth;Production
Ole;Brandt;Production
Morten;Østergaard;Production
Oliver;Westermann;Production
Ole;Kruse;Production
John;Sommer;Production
Camilla;Kjeldsen;Production
Christoffer;Nielsen;Production
Knud;Carlsen;Production
Erna;Sommer;Production
Mary;Davidsen;Production
Mathilde;Kessler;Production
Kristoffer;Dalgård;Production
Mary;Lange;Production
Hanne;Østergaard;Production
Jonas;Gade;Production
Ingrid;Talbot;Production
Helene;Øgendahl;Production
Christian;Andreasen;Production
Pia;Poulsen;Production
Christian;Andreasen;Production
Paul;Dam;Production
Børge;Heller;Production
Kristine;Meyer;Production
Henry;Hjortshøj;Production
Paul;Hjorth;Production
Lucas;Aagaard;Production
Edith;Riis;Production
Svend;Kristoffersen;Production
Marcus;Clausen;Production
Erik;Meyer;Production
Christian;Klausen;Production
Gorm;Schack ;Production
Jacob;Solberg;Production
Helene;Spang;Production
Lene;Gregersen;Production
Mathilde;Iversen;Production
Jens;Meyer;Production
Ole;Dahl;Production
Grethe;Falk;Production
Henry;Lauritzen;Production
Julie;Kjærsgaard;Production
Cecilie;Vinther;Production
Åse;Pedersen;Production
Signe;Mortensen;Production
Inger;Birch;Production
Peder;Kampmann;Production
Mikkel;Spang;Production
Kamilla;Nissen;Production
Aage;Poulsen;Production
Knud;Pilmark;Production
Henry;Kristoffersen;Production
Nikolaj;Hjortshøj;Production
Christian;Østergaard;Production
Tobias;Mørk;Production
Ingrid;Solberg;Production
Ellen;Buhr;Production
Ulla;Thorø;Production
Lars;Schmidt;Production
Peder;Persson;Production
Jørgen;Panum;Production
Niels;Schmidt;Production
Finn;Bach;Production
Jesper;Mølgård;Production
Silke;Hermansen;Production
Jonas;Falk;Production
Niels;Bendtsen;Production
Lise;Bak;Production
Valdemar;Dybvad;Production
Lone;Talbot;Production
Henry;Mogensen;Production
Margrethe;Mølgaard;Production
Hanne;Frost;Production
Julie;Eskildsen;Production
Jonas;Dyrholm;Production
Preben;Stokholm;Production
Frederik;Caspersen;Production
Anna;Bisgård;Production
Kamilla;Matthesen;Production
Jørgen;Olsen;Production
Birgitte;Hald;Production
Jan;Schultz;Production
Agnes;Nilsson;Production
Bent;Bisgård;Production
Edith;Albæk;Production
Bent;Mikkelsen;Production
John;Hald;Production
Inge;Lorenzen;Production
Torben;Søgaard;Production
Bente;Søgård;Production
Cecilie;Munk;Production
Kristine;Lange;Production
Thomas;Schack ;Production
Inge;Juhl;Production
Amalie;Lassen;Production
Ulla;Nørgård;Production
Sofie;Bjerregaard;Production
Lene;Juhl;Production
Christine;Simonsen;Production
Karina;Bisgård;Production
Egon;Tvedebrink;Production
Ingeborg;Jønsson;Production
Jens;Falk;Production
Tove;Hunnerup;Production
Lise;Panum;Production
Joachim;Lassen;Production
Hanne;Lind;Production
Alfred;Østergaard;Production
Jan;Schrøder;Production
Carl;Søndergaard;Production
Svend;Kjær;Production
Sten;Overgaard;Production
Otto;Nørgaard;Production
Kristoffer;Hoffmann;Production
Henry;Vestager;Production
Joachim;Stokholm;Production
Lise;Friis;Production
Preben;Dalsgaard;Production
Birgit;Lind;Production
Frederik;Hald;Production
Kristine;Steffensen;Production
Peder;Thygesen;Production
Josefine;Lorenzen;Production
Per;Frandsen;Production
Magnus;Søndergaard;Production
Flemming;Thomsen;Production
Ole;Hjortshøj;Production
Åse;Schou;Production
Pelle;Birch;Production
Karoline;Søndergård;Production
Marianne;Simonsen;Production
Mogens;Olsson;Production
Flemming;Bak;Production
Kristine;Skov;Production
Erik;Jønsson;Production
Anders;Friis;Production
Kamilla;Ballin;Production
Helene;Østergård;Production
Paul;Lauritzen;Production
Egon;Meinert;Production
Lucas;Mølgård;Production
Torben;Kjærgaard;Production
Victor;Bernstorff;Production
Børge;Pedersen ;Production
Ole;Lund;Production
Sten;Olsen;Production
Johannes;Christensen;Production
Henrik;Millang;Production
Peter;Lauridsen;Production
Emilie;Dalgård;Production
Emil;Steen;Production
Birgit;Frederiksen;Production
Thomas;Toft;Production
Peder;Mølgaard;Production
Svend;Nissen;Production
Thomas;Lind;Production
Anne;Mathiesen;Production
Lucas;Vinther;Production
Freja;Toft;Production
Mathilde;Bødker ;Production
Birgit;Passer ;Production
Emilie;Hemmingsen;Production
Hans;Larsen;Production
Sebastian;Mathiesen;Production
Emma;Enevoldsen;Production
Karen;Enevoldsen;Production
Mette;Dyrholm;Production
Flemming;Krog ;Production
Daniel;Steffensen;Production
Mads;Christiansen;Production
Maja;Mogensen;Production
Victor;Pedersen ;Production
Pia;Beck;Production
Edith;Paulsen;Production
Silke;Kjærsgaard;Production
Christine;Bertelsen;Production
Karina;Storm ;Production
Åge;Asmussen;Production
Ole;Søndergård;Production
Inger;Bach;Production
Ove;Michelsen;Production
Helle;Kristoffersen;Production
Ingrid;Prahl;Production
Jørgen;Troelsgaard;Production
Maria;Søndergård;Production
Anna;Hjortshøj;Production
Silke;Juul;Production
Birte;Krog ;Production
Pelle;Søgaard;Production
Kurt;Østergård;Production
Kamilla;Mouritsen;Production
Bent;Engelstoft;Production
Karen;Albæk;Production
Lise;Lauridsen;Production
Maria;Dahl;Production
Camilla;Svensson;Production
Inger;Toft;Production
Kristoffer;Brandt;Production
Susanne;Lange;Production
Preben;Buch;Production
Abel;Sørensen;Production
Gitte;Jeppesen;Production
Lars;Mathiasen;Production
Henry;Danielsen;Production
Bjarne;Øgendahl;Production
Ellen;Kjærgaard;Production
Caroline;Hunnerup;Production
Mette;Poulsen;Production
Caroline;Taarnhøj;Production
Jan;Lauritsen;Production
Margrethe;Mølgård;Production
Julie;Engelstoft;Production
Lars;Kretz;Production
Inge;Damgård;Production
Sebastian;Hjortshøj;Production
Ole;Carstensen;Production
Kent;Nielsen;Production
Marianne;Kyndi;Production
Peter;Thorsen;Production
Frederik;Spang;Production
Mathias;Topsøe;Production
Birgit;Juhl;Production
Anne;Vestergård;Production
Søren;Nilsson;Production
Ulla;Toft;Production
Victor;Brøgger;Production
Charlotte;Hjorth;Production
Holger;Vestager;Production
Magnus;Kjeldsen;Production
Louise;Andreasen;Production
Edith;Dalsgaard;Production
Gitte;Bertelsen;Production
Ida;Vestager;Production
Ingeborg;Villadsen;Production
Jørgen;Prahl;Production
Peter;Hunnerup;Production
Valdemar;Tvedebrink;Production
Inge;Laustsen;Production
Ingeborg;Henningsen;Production
Kasper;Kjærgård;Production
Andreas;Kristiansen;Production
Karina;Riis;Production
Oluf;Søgård;Production
Sten;Kjær;Production
Andreas;Kjeldsen;Production
Emma;Ranthe;Production
Pernille;Laustsen;Production
Kasper;Berg;Production
Katrine;Henriksen;Production
Vibeke;Lauritzen;Production
Hans;Steen;Production
Rasmus;Sloth;Production
Kurt;Hemmingsen;Production
Kamilla;Olsson;Production
Birte;Koch;Production
Mads;Nørgaard;Production
Aage;Carlsen;Production
Gudrun;Steenstrup;Production
Karoline;Lauritzen;Production
Flemming;Simonsen;Production
Torben;Bernstorff;Production
Gitte;Persson;Production
Torben;Heller;Production
Henrik;Prahl;Production
Caroline;Thomassen;Production
Kasper;Jespersen;Production
Ove;Schrøder;Production
Emilie;Kristensen;Production
Mary;Skov;Production
Oliver;Passer ;Production
Emilie;Kragh;Production
Lone;Kjær;Production
Per;Asmussen;Production
Tove;Nilsson;Production
Else;Gade;Production
Helle;Søltoft;Production
Cecilie;Larsen;Production
Laura;Nielsen;Production
Rasmus;Nørgård;Production
Ingeborg;Jepsen;Production
Lise;Michelsen;Production
Anders;Borg;Production
Bjarne;Madsen;Production
Børge;Møller;Production
Harald;Tvedebrink;Production
Åse;Frandsen;Production
Kurt;Mogensen;Production
Knud;Brøgger;Production
Julie;Andersen;Production
Malene;Hansen ;Production
Maria;Frandsen;Production
Tove;Knudsen;Production
Bjarne;Øgendahl;Production
Ellen;Kjær;Production
Victor;Petersen;Production
Freja;Christensen;Production
Johanne;Frandsen;Production
Anna;Hjorth;Production
Holger;Justesen;Production
Marianne;Søgård;Production
Sofie;Bisgaard;Production
Andreas;Aagaard;Production
Edith;Juul;Production
Camilla;Bratt;Production
Gerda;Talbot;Production
Gitte;Bjørnholt;Production
Bent;Bach;Production
Daniel;Tvedebrink;Production
Christian;FuhlenDorff;Production
Lise;Christensen;Production
Anders;Frederiksen;Production
Rasmus;Sloth;Production
Lars;Bech;Production
Tobias;Kristoffersen;Production
Mathilde;Øgendahl;Production
Clara;Meyer;Registration
Victoria;Jensen;Registration
Michael;Christensen;Registration
Marcus;Kampmann;Registration
Hanne;Meinert;Registration
Daniel;Henriksen;Registration
Cecilie;Mortensen;Registration
Karina;Rohde;Registration
Åge;Buch;Registration
Jørgen;Overgård;Registration
Jakob;Markussen;Registration
Christian;Schack ;Registration
Emilie;Lind;Registration
Åge;Buch;Registration
Oliver;Vinther;Registration
John;Østergård;Registration
Flemming;Tvedebrink;Registration
Lucas;Lassen;Registration
Per;Schmidt;Registration
Svend;Bøttger;Registration
Mikkel;Søndergaard;Registration
Kirsten;Bonde;Registration
Abel;Bech;Registration
Kristian;Friis;Registration
Joachim;Nygård;Registration
Clara;Steen;Registration
Victoria;Olesen;Registration
Louise;Riis;Registration
Jan;Dalgård;Registration
Karoline;Bach;Registration
Katrine;Nissen;Registration
Josefine;Bak;Registration
Katrine;Vestager;Registration
Christoffer;Bruun;Registration
Anna;Kragh;Registration
Henrik;Eriksen;Registration
Anna;Bak;Registration
Michael;Øgendahl;Registration
Camilla;Winther;Registration
Bjarne;Carstensen;Registration
Jesper;Clausen;Registration
Mikkel;Storm ;Registration
Paul;Dyrholm;Registration
Tobias;Hansen;Registration
Mary;Bjerregaard;Registration
Børge;Frederiksen;Registration
Mette;Spang;Registration
Ove;Lorentzen;Registration
Cecilie;Michelsen;Registration
Ole;Dalsgaard;Registration
Arne;Karlsen;Registration
Grethe;Larsen;Registration
Anne;FuhlenDorff;Registration
Amalie;Møller;Registration
Martin;Passer ;Registration
Emilie;Sloth;Registration
Johannes;Hald;Registration
Leif;Bendtsen;Registration
Ruth;Davidsen;Registration
Aage;Taarnhøj;Registration
Agnes;Kristoffersen;Registration
Gerda;Søndergaard;Registration
Mary;Kjær;Registration
Sten;Dybdahl;Registration
Lucas;Bonde;Registration
Lene;Taarnhøj;Registration
Svend;Kjærsgaard;Registration
Victor;Steffensen;Registration
Sofie;Gade;Registration
Paul;Buch;Registration
Bjarne;Pedersen ;Registration
Oluf;Talbot;Registration
Ruth;Jensen;Registration
Kristine;Olsen;Registration
Signe;Troelsgaard;Registration
Børge;Lund;Registration
Erna;Jørgensen;Legal
Harald;Leth;Legal
Josefine;Larsen;Legal
Poul;Nikolajsen;Legal
Katrine;Mølgaard;Legal
Freja;Dam;Legal
Mathilde;Hedegaard;Legal
Bent;Holst;Legal
Caroline;Østergård;Legal
Lucas;Schack ;Legal
Victor;Nilsson;Legal
Camilla;Simonsen;Legal
Otto;Dalsgaard;Legal
Finn;Mathiasen;Legal
Birte;Matthesen;Legal
Kristian;Holm;Legal
Alfred;Østergaard;Legal
Abel;Topsøe;Legal
Andreas;Simonsen;Legal
Silke;Thorø;Logistics
Bent;Davidsen;Logistics
Victor;Bjerre;Logistics
Marie;Kramp;Logistics
Søren;Caspersen;Logistics
Aage;Arendt;Logistics
Thomas;Møller;Logistics
Martin;Olsen;Logistics
Daniel;Kessler;Logistics
Sebastian;Schou;Logistics
Elisabeth;Schrøder;Logistics
Leif;Solberg;Logistics
Emma;Lange;Logistics
Kaj;Berg;Logistics
Helene;Mikkelsen;Logistics
Freja;Lange;Logistics
Kaj;Mathiesen;Logistics
Kristine;Bach;Logistics
Torben;Schultz;Logistics
Børge;Berendsen;Logistics
Birgit;Hviid;Logistics
Carl;Persson;Logistics
Egon;Kessler;Logistics
Louise;Eriksen;Logistics
Poul;Frandsen;Logistics
Lene;Simonsen;Logistics
Kristine;Olsson;Logistics
Viggo;Bjørnholt;Logistics
Vibeke;Schmidt;Logistics
Bodil;Koch;Logistics
Christoffer;Topsøe;Logistics
Victoria;Rohde;Logistics
Abel;Bak;Logistics
Åge;Matthesen;Logistics
Holger;Søndergård;Logistics
Vibeke;Lassen;Logistics
Christian;Søndergård;Logistics
Paul;Panum;Logistics
Else;Mærsk;Logistics
Kasper;Berthelsen;Logistics
Julie;Strandberg;Logistics
Cecilie;Frederiksen;Logistics
Åge;Hansen ;Logistics
Rasmus;Bach;Logistics
Torben;Øgendahl;Logistics
Pia;FuhlenDorff;Logistics
Martin;Mogensen;Logistics
Poul;Kofoed;Logistics
Silke;Nygård;Logistics
Birte;Hedegaard;Logistics
Josefine;Bøttger;Logistics
Christine;Arreborg;Logistics
Henry;Fischer;Logistics
Rasmus;Mølgård;Logistics
Helle;Schmidt;Logistics
Bent;Paulsen;Logistics
Johannes;Clausen;Logistics
Camilla;Prahl;Logistics
Maria;Simonsen;Logistics
Ingrid;Frandsen;Logistics
Jan;Thøgersen;Logistics
Helle;Michelsen;Logistics
Pernille;Mathiasen;Logistics
Kim;Lorenzen;Logistics
